Tipo,Cantidad Registros,Media,Desviación Estándar,Mínimo,25%,50%,75%,Máximo
ADMIN,76994,13304.19896,9923.529504,177.2,8292.685,10957.33,14529.4075,147051.59
CENTRO,25117,12785.91456,8274.192377,245.38,8234.1,11041.57,14686.57,120970.94
FACULTAD,274527,16515.56772,11037.23265,177.2,8255.965,13543.89,22498.03,144501.4
HOSPITAL,105549,9631.383249,4168.207964,175.41,6946.2,8629.98,11622.83,85007.77
OTRO,12190,11413.73779,5779.618889,285.73,8113.69,10544.35,13261.795,78959.29
PREPARATORIA,141824,14281.07852,8185.434724,187.54,8370.3625,12471.435,18114.4575,115258.74
